STATEFP,STATE_NAME,COUNTYFP,NAME,GEOID,pixel_count,area_hectares,area_acres
01,Alabama,001,Autauga,01001,1111342,100020.78,247156.72996543886
01,Alabama,003,Baldwin,01003,2895264,260573.76,643891.783651348
01,Alabama,005,Barbour,01005,1762532,158627.88,391978.02798728464
01,Alabama,007,Bibb,01007,1403428,126308.52,312115.1501715367
01,Alabama,009,Blount,01009,1041586,93742.74,231643.35527477734
01,Alabama,011,Bullock,01011,1286787,115810.83,286174.79325179575
01,Alabama,013,Butler,01013,1679277,151134.93,373462.5453066403
01,Alabama,015,Calhoun,01015,1108301,99747.09,246480.42724690135
01,Alabama,017,Chambers,01017,1241954,111775.86,276204.16524120985
01,Alabama,019,Cherokee,01019,962138,86592.42,213974.52976265398
01,Alabama,021,Chilton,01021,1376589,123893.01,306146.2949716591
01,Alabama,023,Choctaw,01023,2122088,190987.92,471941.42827221344
01,Alabama,025,Clarke,01025,3046505,274185.45,677527.0021499767
01,Alabama,027,Clay,01027,1377091,123938.19,306257.9371830059
01,Alabama,029,Cleburne,01029,1283323,115499.07,285404.4175145337
01,Alabama,031,Coffee,01031,1140606,102654.54,253664.8926603686
01,Alabama,033,Colbert,01033,940639,84657.51,209193.26302610757
01,Alabama,035,Conecuh,01035,1925379,173284.11,428194.3610374904
01,Alabama,037,Coosa,01037,1550539,139548.51,344831.8779672519
01,Alabama,039,Covington,01039,1995199,179567.91,443721.9689981245
01,Alabama,041,Crenshaw,01041,1254410,112896.9,278974.3154096094
01,Alabama,043,Cullman,01043,1054421,94897.89,234497.79308879536
01,Alabama,045,Dale,01045,1007582,90682.38,224081.04102250867
01,Alabama,047,Dallas,01047,1859625,167366.25,413571.0105097974
01,Alabama,049,DeKalb,01049,1029618,92665.62,228981.73378991816
01,Alabama,051,Elmore,01051,1151943,103674.87,256186.18299909256
01,Alabama,053,Escambia,01053,1946123,175151.07,432807.7196673299
01,Alabama,055,Etowah,01055,832547,74929.23,185154.15962191316
01,Alabama,057,Fayette,01057,1403187,126286.83,312061.55301429646
01,Alabama,059,Franklin,01059,1174122,105670.98,261118.6782290969
01,Alabama,061,Geneva,01061,792424,71318.16,176231.01132336663
01,Alabama,063,Greene,01063,1272574,114531.66,283013.89534368215
01,Alabama,065,Hale,01065,1147479,103273.11,255193.41241851007
01,Alabama,067,Henry,01067,916497,82484.73,203824.2067186652
01,Alabama,069,Houston,01069,627262,56453.58,139499.834210874
01,Alabama,071,Jackson,01071,2031501,182835.09,451795.3466003436
01,Alabama,073,Jefferson,01073,1872256,168503.04,416380.07977577805
01,Alabama,075,Lamar,01075,1318508,118665.72,293229.3800767638
01,Alabama,077,Lauderdale,01077,803890,72350.1,178780.99059687895
01,Alabama,079,Lawrence,01079,963382,86704.38,214251.18894774464
01,Alabama,081,Lee,01081,1092509,98325.81,242968.36788118476
01,Alabama,083,Limestone,01083,488774,43989.66,108700.81714911108
01,Alabama,085,Lowndes,01085,1268660,114179.4,282143.4419269259
01,Alabama,087,Macon,01087,1274563,114710.67,283456.2386870465
01,Alabama,089,Madison,01089,820229,73820.61,182414.69994189183
01,Alabama,091,Marengo,01091,1899912,170992.08,422530.63156264846
01,Alabama,093,Marion,01093,1515353,136381.77,337006.6930101784
01,Alabama,095,Marshall,01095,764758,68828.22,170078.235588063
01,Alabama,097,Mobile,01097,2085151,187663.59,463726.82994448586
01,Alabama,099,Monroe,01099,2251149,202603.41,500643.9291459944
01,Alabama,101,Montgomery,01101,1093823,98444.07,243260.59470530786
01,Alabama,103,Morgan,01103,783500,70515.0,174246.3597415749
01,Alabama,105,Perry,01105,1381954,124375.86,307339.4433060733
01,Alabama,107,Pickens,01107,1872287,168505.83,416386.97401592095
01,Alabama,109,Pike,01109,1290845,116176.05,287077.27152599016
01,Alabama,111,Randolph,01111,1123744,101136.96,249914.8708122991
01,Alabama,113,Russell,01113,1294243,116481.87,287832.96920359303
01,Alabama,115,St. Clair,01115,1273248,114592.32,283163.7894680801
01,Alabama,117,Shelby,01117,1488821,133993.89,331106.11302720016
01,Alabama,119,Sumter,01119,1768292,159146.28,393259.02228481043
01,Alabama,121,Talladega,01121,1361909,122571.81,302881.53867171484
01,Alabama,123,Tallapoosa,01123,1589195,143027.55,353428.7730306473
01,Alabama,125,Tuscaloosa,01125,2905767,261519.03,646227.5966907428
01,Alabama,127,Walker,01127,1685091,151658.19,374755.5489257054
01,Alabama,129,Washington,01129,2513629,226226.61,559018.127620747
01,Alabama,131,Wilcox,01131,1973425,177608.25,438879.54367966496
01,Alabama,133,Winston,01133,1343271,120894.39,298736.5435819082
05,Arkansas,001,Arkansas,05001,1070038,96303.42,237970.93335693088
05,Arkansas,003,Ashley,05003,1658382,149254.38,368815.6050554595
05,Arkansas,005,Baxter,05005,1114768,100329.12,247918.65469865475
05,Arkansas,007,Benton,05007,1036767,93309.03,230571.6345248161
05,Arkansas,009,Boone,05009,832936,74964.24,185240.67121596483
05,Arkansas,011,Bradley,05011,1440105,129609.45,320271.925840001
05,Arkansas,013,Calhoun,05013,1425374,128283.66,316995.82740304735
05,Arkansas,015,Carroll,05015,962897,86660.73,214143.32744873423
05,Arkansas,017,Chicot,05017,296263,26663.67,65887.36346664737
05,Arkansas,019,Clark,05019,1756473,158082.57,390630.53763160604
05,Arkansas,021,Clay,05021,343872,30948.48,76475.3595622908
05,Arkansas,023,Cleburne,05023,1063700,95733.0,236561.39483996585
05,Arkansas,025,Cleveland,05025,1407068,126636.12,312924.66740122315
05,Arkansas,027,Columbia,05027,1742230,156800.7,387462.9678781928
05,Arkansas,029,Conway,05029,806426,72578.34,179344.98391953963
05,Arkansas,031,Craighead,05031,246910,22221.9,54911.51076425305
05,Arkansas,033,Crawford,05033,1053286,94795.74,234245.37494162665
05,Arkansas,035,Crittenden,05035,167693,15092.37,37294.05846093672
05,Arkansas,037,Cross,05037,277252,24952.68,61659.41510028223
05,Arkansas,039,Dallas,05039,1507725,135695.25,335310.26514533
05,Arkansas,041,Desha,05041,580605,52254.45,129123.5580060716
05,Arkansas,043,Drew,05043,1589567,143061.03,353511.5039123625
05,Arkansas,045,Faulkner,05045,798325,71849.25,177543.36329380062
05,Arkansas,047,Franklin,05047,961017,86491.53,213725.22514329175
05,Arkansas,049,Fulton,05049,1002033,90182.97,222846.97203692346
05,Arkansas,051,Garland,05051,1437318,129358.62,319652.11141166685
05,Arkansas,053,Grant,05053,1395399,125585.91,310329.54197451676
05,Arkansas,055,Greene,05055,362084,32587.56,80525.6144488429
05,Arkansas,057,Hempstead,05057,1173033,105572.97,260876.49024472092
05,Arkansas,059,Hot Spring,05059,1246297,112166.73,277170.0260457506
05,Arkansas,061,Howard,05061,976817,87913.53,217239.06366775493
05,Arkansas,063,Independence,05063,1119188,100726.92,248901.63990613114
05,Arkansas,065,Izard,05065,1075207,96768.63,239120.4923020543
05,Arkansas,067,Jackson,05067,291788,26260.92,64892.14654278834
05,Arkansas,069,Jefferson,05069,883128,79481.52,196403.113191905
05,Arkansas,071,Johnson,05071,1342634,120837.06,298594.87806671305
05,Arkansas,073,Lafayette,05073,927825,83504.25,206343.4955037993
05,Arkansas,075,Lawrence,05075,477759,42998.31,106251.1379499363
05,Arkansas,077,Lee,05077,330269,29724.21,73450.12250860268
05,Arkansas,079,Lincoln,05079,696116,62650.44,154812.60875286045
05,Arkansas,081,Little River,05081,721350,64921.5,160424.52022920875
05,Arkansas,083,Logan,05083,1254199,112877.91,278927.3900976688
05,Arkansas,085,Lonoke,05085,494059,44465.31,109876.17389605968
05,Arkansas,087,Madison,05087,1595827,143624.43,354903.69563154853
05,Arkansas,089,Marion,05089,1200751,108067.59,267040.83051187726
05,Arkansas,091,Miller,05091,793003,71370.27,176359.77793764917
05,Arkansas,093,Mississippi,05093,180621,16255.89,40169.17899538354
05,Arkansas,095,Monroe,05095,689500,62055.0,153341.24446945233
05,Arkansas,097,Montgomery,05097,1877267,168954.03,417494.5003356568
05,Arkansas,099,Nevada,05099,1259977,113397.93,280212.3875023744
05,Arkansas,101,Newton,05101,2001408,180126.72,445102.8185803012
05,Arkansas,103,Ouachita,05103,1712751,154147.59,380906.9902919492
05,Arkansas,105,Perry,05105,1149947,103495.23,255742.28289182496
05,Arkansas,107,Phillips,05107,313509,28215.81,69722.78493455189
05,Arkansas,109,Pike,05109,1242985,111868.65,276433.4543246733
05,Arkansas,111,Poinsett,05111,295983,26638.47,65825.09291051763
05,Arkansas,113,Polk,05113,1827019,164431.71,406319.6042484907
05,Arkansas,115,Pope,05115,1601300,144117.0,356120.8626090414
05,Arkansas,117,Prairie,05117,561894,50570.46,124962.3280927026
05,Arkansas,119,Pulaski,05119,1051293,94616.37,233802.142018889
05,Arkansas,121,Randolph,05121,925874,83328.66,205909.6031644811
05,Arkansas,123,St. Francis,05123,378764,34088.76,84235.16043542806
05,Arkansas,125,Saline,05125,1429760,128678.4,317971.2511858509
05,Arkansas,127,Scott,05127,2077839,187005.51,462100.6788501267
05,Arkansas,129,Searcy,05129,1372163,123494.67,305161.9753951227
05,Arkansas,131,Sebastian,05131,785808,70722.72,174759.6470399585
05,Arkansas,133,Sevier,05133,967309,87057.81,215124.53349746406
05,Arkansas,135,Sharp,05135,1188259,106943.31,264262.67412911815
05,Arkansas,137,Stone,05137,1357151,122143.59,301823.3840071961
05,Arkansas,139,Union,05139,2343288,210895.92,521135.16761469765
05,Arkansas,141,Van Buren,05141,1525338,137280.42,339227.3055207331
05,Arkansas,143,Washington,05143,1387580,124882.2,308590.63669459417
05,Arkansas,145,White,05145,1271095,114398.55,282684.9733704112
05,Arkansas,147,Woodruff,05147,384320,34588.8,85470.78618491649
05,Arkansas,149,Yell,05149,1888248,169942.32,419936.6181101587
12,Florida,001,Alachua,12001,1444674,130020.66,321288.0478791321
12,Florida,003,Baker,12003,1326524,119387.16,295012.0971408206
12,Florida,005,Bay,12005,1349811,121482.99,300191.005857224
12,Florida,007,Bradford,12007,550616,49555.44,122454.15904973455
12,Florida,009,Brevard,12009,1012783,91150.47,225237.71660261834
12,Florida,011,Broward,12011,238207,21438.63,52976.00844283515
12,Florida,013,Calhoun,12013,1181092,106298.28,262668.77028704045
12,Florida,015,Charlotte,12015,590070,53106.3,131228.5251980997
12,Florida,017,Citrus,12017,755821,68023.89,168090.6928733081
12,Florida,019,Clay,12019,1061255,95512.95,236017.63944804732
12,Florida,021,Collier,12021,3108108,279729.72,691227.1916830465
12,Florida,023,Columbia,12023,1433288,128995.92,318755.86019308545
12,Florida,027,DeSoto,12027,341482,30733.38,75943.83588675493
12,Florida,029,Dixie,12029,1511475,136032.75,336144.2458077817
12,Florida,031,Duval,12031,823630,74126.7,183171.0648040247
12,Florida,033,Escambia,12033,1026306,92367.54,228245.16206884081
12,Florida,035,Flagler,12035,913513,82216.17,203160.58050619697
12,Florida,037,Franklin,12037,1192123,107291.07,265122.0078037084
12,Florida,039,Gadsden,12039,1088699,97982.91,242121.04352813386
12,Florida,041,Gilchrist,12041,445589,40103.01,99096.69584031732
12,Florida,043,Glades,12043,756130,68051.7,168159.4128798941
12,Florida,045,Gulf,12045,1214676,109320.84,270137.6787051146
12,Florida,047,Hamilton,12047,869588,78262.92,193391.88701334607
12,Florida,049,Hardee,12049,495192,44567.28,110128.14725354176
12,Florida,051,Hendry,12051,741947,66775.23,165005.18681708013
12,Florida,053,Hernando,12053,649786,58480.74,144509.05566182386
12,Florida,055,Highlands,12055,623344,56100.96,138628.49121474446
12,Florida,057,Hillsborough,12057,767192,69047.28,170619.54463670496
12,Florida,059,Holmes,12059,912238,82101.42,202877.0270809634
12,Florida,061,Indian River,12061,407515,36676.35,90629.2345757344
12,Florida,063,Jackson,12063,1322702,119043.18,294162.1040496498
12,Florida,065,Jefferson,12065,1278695,115082.55,284375.17417964665
12,Florida,067,Lafayette,12067,1092036,98283.24,242863.1751202942
12,Florida,069,Lake,12069,1307308,117657.72,290738.55783157476
12,Florida,071,Lee,12071,591602,53244.18,131569.23409806663
12,Florida,073,Leon,12073,1241887,111769.83,276189.2647867074
12,Florida,075,Levy,12075,1863166,167684.94,414358.5106499951
12,Florida,077,Liberty,12077,1966405,176976.45,437318.33187955536
12,Florida,079,Madison,12079,1307260,117653.4,290727.8828790954
12,Florida,081,Manatee,12081,514694,46322.46,114465.29148797723
12,Florida,083,Marion,12083,2332520,209926.8,518740.419941823
12,Florida,085,Martin,12085,377792,34001.28,84018.99264772057
12,Florida,086,Miami-Dade,12086,709884,63889.56,157874.54095569646
12,Florida,087,Monroe,12087,1604567,144411.03,356847.4265621693
12,Florida,089,Nassau,12089,1191117,107200.53,264898.278591328
12,Florida,091,Okaloosa,12091,1812052,163084.68,402991.0206285135
12,Florida,093,Okeechobee,12093,508748,45787.32,113142.93174959382
12,Florida,095,Orange,12095,835079,75157.11,185717.26336520055
12,Florida,097,Osceola,12097,1449662,130469.58,322397.35335761454
12,Florida,099,Palm Beach,12099,632464,56921.76,140656.732185827
12,Florida,101,Pasco,12101,791401,71226.09,176003.50139864982
12,Florida,103,Pinellas,12103,90460,8141.4,20117.837526768177
12,Florida,105,Polk,12105,1887233,169850.97,419710.88734418846
12,Florida,107,Putnam,12107,1369729,123275.61,304620.6663464807
12,Florida,109,St. Johns,12109,1013689,91232.01,225439.20633066667
12,Florida,111,St. Lucie,12111,262364,23612.76,58348.400672927324
12,Florida,113,Santa Rosa,12113,1858767,167289.03,413380.1957342284
12,Florida,115,Sarasota,12115,512649,46138.41,114010.4940333869
12,Florida,117,Seminole,12117,283967,25557.03,63152.79647317907
12,Florida,119,Sumter,12119,790431,71138.79,175787.77840062897
12,Florida,121,Suwannee,12121,796890,71720.1,177224.22669363578
12,Florida,123,Taylor,12123,2245768,202119.12,499447.22249408707
12,Florida,125,Union,12125,473260,42593.4,105250.58354983758
12,Florida,127,Volusia,12127,1889226,170030.34,420154.1202669261
12,Florida,129,Wakulla,12129,1334648,120118.32,296818.8328479559
12,Florida,131,Walton,12131,2130915,191782.35,473904.5075542031
12,Florida,133,Washington,12133,1113984,100258.56,247744.2971414915
13,Georgia,001,Appling,13001,794152,71473.68,176615.30961262438
13,Georgia,003,Atkinson,13003,582269,52404.21,129493.62302535684
13,Georgia,005,Bacon,13005,368129,33131.61,81869.99127671504
13,Georgia,007,Baker,13007,494207,44478.63,109909.0883328711
13,Georgia,009,Baldwin,13009,516218,46459.62,114804.2212291976
13,Georgia,011,Banks,13011,389214,35029.26,86559.18654812679
13,Georgia,013,Barrow,13013,200523,18047.07,44595.28116714719
13,Georgia,015,Bartow,13015,756400,68076.0,168219.45948759065
13,Georgia,017,Ben Hill,13017,424917,38242.53,94499.34963919692
13,Georgia,019,Berrien,13019,687998,61919.82,153007.20741478502
13,Georgia,021,Bibb,13021,356725,32105.25,79333.8004834886
13,Georgia,023,Bleckley,13023,298773,26889.57,66445.5745233817
13,Georgia,025,Brantley,13025,910420,81937.8,202472.7132558068
13,Georgia,027,Brooks,13027,761482,68533.38,169349.6700813452
13,Georgia,029,Bryan,13029,880501,79245.09,195818.88193850216
13,Georgia,031,Bulloch,13031,1009702,90873.18,224552.51809034802
13,Georgia,033,Burke,13033,1294801,116532.09,287957.0655261658
13,Georgia,035,Butts,13035,368159,33134.31,81876.66312201465
13,Georgia,037,Calhoun,13037,420026,37802.34,93411.61646051658
13,Georgia,039,Camden,13039,1109633,99866.97,246776.65717820422
13,Georgia,043,Candler,13043,368165,33134.85,81877.99749107458
13,Georgia,045,Carroll,13045,796686,71701.74,177178.8581455984
13,Georgia,047,Catoosa,13047,227818,20503.62,50665.54841557896
13,Georgia,049,Charlton,13049,1870616,168355.44,416015.35223273246
13,Georgia,051,Chatham,13051,352925,31763.25,78488.70007887087
13,Georgia,053,Chattahoochee,13053,566209,50958.81,125921.96184163037
13,Georgia,055,Chattooga,13055,608814,54793.26,135397.09414129826
13,Georgia,057,Cherokee,13057,724101,65169.09,161036.32844318333
13,Georgia,059,Clarke,13059,144149,12973.41,32057.994269799976
13,Georgia,061,Clay,13061,354345,31891.05,78804.50075638591
13,Georgia,063,Clayton,13063,75857,6827.13,16870.205629759603
13,Georgia,065,Clinch,13065,1832630,164936.7,407567.46171436174
13,Georgia,067,Cobb,13067,180317,16228.53,40101.57096301412
13,Georgia,069,Coffee,13069,888117,79930.53,197512.64106523074
13,Georgia,071,Colquitt,13071,699487,62953.83,155562.3017696937
13,Georgia,073,Columbia,13073,523563,47120.67,116437.71135338633
13,Georgia,075,Cook,13075,289903,26091.27,64472.93226312928
13,Georgia,077,Coweta,13077,785692,70712.28,174733.84923813335
13,Georgia,079,Crawford,13079,643849,57946.41,143188.69747703033
13,Georgia,081,Crisp,13081,287163,25844.67,63863.57039243124
13,Georgia,083,Dade,13083,355022,31951.98,78955.06206531386
13,Georgia,085,Dawson,13085,449554,40459.86,99978.49139408293
13,Georgia,087,Decatur,13087,872886,78559.74,194125.3452066169
13,Georgia,089,DeKalb,13089,140494,12644.46,31245.14111746372
13,Georgia,091,Dodge,13091,917123,82541.07,203963.4258905838
13,Georgia,093,Dooly,13093,403314,36298.26,89694.95383894518
13,Georgia,095,Dougherty,13095,486399,43775.91,108172.629396225
13,Georgia,097,Douglas,13097,299901,26991.09,66696.43590664717
13,Georgia,099,Early,13099,716897,64520.73,159434.1959919028
13,Georgia,101,Echols,13101,948232,85340.88,210881.90707143978
13,Georgia,103,Effingham,13103,984440,88599.6,218934.37955838675
13,Georgia,105,Elbert,13105,667155,60043.95,148371.8316954568
13,Georgia,107,Emanuel,13107,1290257,116123.13,286946.5033581177
13,Georgia,109,Evans,13109,290982,26188.38,64712.896299072054
13,Georgia,111,Fannin,13111,929418,83647.62,206697.77048920878
13,Georgia,113,Fayette,13113,254017,22861.53,56492.07091573151
13,Georgia,115,Floyd,13115,919380,82744.2,204465.37105195806
13,Georgia,117,Forsyth,13117,243316,21898.44,54112.22369735934
13,Georgia,119,Franklin,13119,365687,32911.83,81326.9030693265
13,Georgia,121,Fulton,13121,485578,43702.02,107990.04322985891
13,Georgia,123,Gilmer,13123,1009990,90899.1,224616.5678052243
13,Georgia,125,Glascock,13125,252707,22743.63,56200.73367098171
13,Georgia,127,Glynn,13127,603574,54321.66,134231.74516229908
13,Georgia,129,Gordon,13129,535581,48202.29,119110.45258041153
13,Georgia,131,Grady,13131,737431,66368.79,164000.85170464497
13,Georgia,133,Greene,13133,792873,71358.57,176330.86660801753
13,Georgia,135,Gwinnett,13135,261767,23559.03,58215.63095146502
13,Georgia,137,Habersham,13137,564538,50808.42,125550.34005844189
13,Georgia,139,Hall,13139,585958,52736.22,130314.03760236599
13,Georgia,141,Hancock,13141,1065218,95869.62,236898.9902121263
13,Georgia,143,Haralson,13143,556742,50106.78,123816.54985991564
13,Georgia,145,Harris,13145,998609,89874.81,222085.49209339425
13,Georgia,147,Hart,13147,299751,26977.59,66663.0766801491
13,Georgia,149,Heard,13149,635997,57239.73,141442.45316727814
13,Georgia,151,Henry,13151,412087,37087.83,91646.02379939551
13,Georgia,153,Houston,13153,563126,50681.34,125236.3185396734
13,Georgia,155,Irwin,13155,443300,39897.0,98587.63404395682
13,Georgia,157,Jackson,13157,520950,46885.5,115856.59362778999
13,Georgia,159,Jasper,13159,791743,71256.87,176079.56043506542
13,Georgia,161,Jeff Davis,13161,543684,48931.56,120912.51799583716
13,Georgia,163,Jefferson,13163,859682,77371.38,191188.84369541367
13,Georgia,165,Jenkins,13165,601832,54164.88,133844.33334523486
13,Georgia,167,Johnson,13167,521374,46923.66,115950.88904135786
13,Georgia,169,Jones,13169,884315,79588.35,196667.0958709264
13,Georgia,171,Lamar,13171,332785,29950.65,74009.66793439694
13,Georgia,173,Lanier,13173,359225,32330.25,79889.78759178972
13,Georgia,175,Laurens,13175,1483775,133539.75,329983.9086478051
13,Georgia,177,Lee,13177,507124,45641.16,112781.7625240414
13,Georgia,179,Liberty,13179,1008904,90801.36,224375.0470053783
13,Georgia,181,Lincoln,13181,457265,41153.85,101693.37803092694
13,Georgia,183,Long,13183,888179,79936.11,197526.4295455166
13,Georgia,185,Lowndes,13185,844963,76046.67,187915.4139965799
13,Georgia,187,Lumpkin,13187,636500,57285.0,141554.31777346833
13,Georgia,189,McDuffie,13189,492713,44344.17,109576.83043695035
13,Georgia,191,McIntosh,13191,685124,61661.16,152368.04463508204
13,Georgia,193,Macon,13193,622997,56069.73,138551.32020411224
13,Georgia,195,Madison,13195,430830,38774.7,95814.37034775077
13,Georgia,197,Marion,13197,740853,66676.77,164761.88685848756
13,Georgia,199,Meriwether,13199,1059091,95318.19,235536.37700710187
13,Georgia,201,Miller,13201,270038,24303.42,60055.05870056849
13,Georgia,205,Mitchell,13205,518374,46653.66,115283.7045113965
13,Georgia,207,Monroe,13207,806735,72606.15,179413.70392612563
13,Georgia,209,Montgomery,13209,438744,39486.96,97574.40313778883
13,Georgia,211,Morgan,13211,625929,56333.61,139203.38188472783
13,Georgia,213,Murray,13213,666150,59953.5,148148.32487791975
13,Georgia,215,Muscogee,13215,334824,30134.16,74463.13101992736
13,Georgia,217,Newton,13217,443845,39946.05,98708.83923356645
13,Georgia,219,Oconee,13219,287463,25871.67,63930.28884542738
13,Georgia,221,Oglethorpe,13221,900522,81046.98,200271.44909662096
13,Georgia,223,Paulding,13223,549495,49454.55,122204.85443037232
13,Georgia,225,Peach,13225,174359,15692.31,38776.542486510865
13,Georgia,227,Pickens,13227,513192,46187.28,114131.2544333099
13,Georgia,229,Pierce,13229,518565,46670.85,115326.1819264707
13,Georgia,231,Pike,13231,343029,30872.61,76287.88070937166
13,Georgia,233,Polk,13233,593830,53444.7,132064.7298089846
13,Georgia,235,Pulaski,13235,371419,33427.71,82601.67031123933
13,Georgia,237,Putnam,13237,721288,64915.92,160410.7317489229
13,Georgia,239,Quitman,13239,313886,28249.74,69806.6277904837
13,Georgia,241,Rabun,13241,925185,83266.65,205756.3731174333
13,Georgia,243,Randolph,13243,764844,68835.96,170097.36154458855
13,Georgia,245,Richmond,13245,459194,41327.46,102122.37768369209
13,Georgia,247,Rockdale,13247,177087,15937.83,39383.23561908906
13,Georgia,249,Schley,13249,355375,31983.75,79033.56744500597
13,Georgia,251,Screven,13251,1155696,104012.64,257020.83084607424
13,Georgia,253,Seminole,13253,211292,19016.28,46990.25123486515
13,Georgia,255,Spalding,13255,296879,26719.11,66024.35869013277
13,Georgia,257,Stephens,13257,326575,29391.75,72628.59595737694
13,Georgia,259,Stewart,13259,1019715,91774.35,226779.35765651573
13,Georgia,261,Sumter,13261,700817,63073.53,155858.0869113099
13,Georgia,263,Talbot,13263,910424,81938.16,202473.6028351801
13,Georgia,265,Taliaferro,13265,474829,42734.61,105599.52105900737
13,Georgia,267,Tattnall,13267,754946,67945.14,167896.0973854027
13,Georgia,269,Taylor,13269,676665,60899.85,150486.8066554343
13,Georgia,271,Telfair,13271,831754,74857.86,184977.80051116005
13,Georgia,273,Terrell,13273,501351,45121.59,111497.87709355242
13,Georgia,275,Thomas,13275,925155,83263.95,205749.70127213368
13,Georgia,277,Tift,13277,283019,25471.71,62941.96616171129
13,Georgia,279,Toombs,13279,575250,51772.5,127932.63362009058
13,Georgia,281,Towns,13281,371425,33428.25,82603.00468029924
13,Georgia,283,Treutlen,13283,383455,34510.95,85278.4146454443
13,Georgia,285,Troup,13285,801022,72091.98,178143.1621862359
13,Georgia,287,Turner,13287,374261,33683.49,83233.71645595606
13,Georgia,289,Twiggs,13289,724533,65207.97,161132.40301549775
13,Georgia,291,Union,13291,756261,68063.49,168188.5466043691
13,Georgia,293,Upson,13293,662032,59582.88,147232.50291312614
13,Georgia,295,Walker,13295,816032,73442.88,181481.3087844759
13,Georgia,297,Walton,13297,497957,44816.13,110743.06899532281
13,Georgia,299,Ware,13299,2029924,182693.16,451444.6299324272
13,Georgia,301,Warren,13301,575021,51751.89,127881.7052009702
13,Georgia,303,Washington,13303,1417193,127547.37,315176.41518984275
13,Georgia,305,Wayne,13305,1212051,109084.59,269553.89224139834
13,Georgia,307,Webster,13307,374135,33672.15,83205.69470569768
13,Georgia,309,Wheeler,13309,592855,53356.95,131847.89483674715
13,Georgia,311,White,13311,492292,44306.28,109483.20220791244
13,Georgia,313,Whitfield,13313,424249,38182.41,94350.78988385886
13,Georgia,315,Wilcox,13315,572657,51539.13,127355.96379136064
13,Georgia,317,Wilkes,13317,1006364,90572.76,223810.16410334434
13,Georgia,319,Wilkinson,13319,983616,88525.44,218751.12620749068
13,Georgia,321,Worth,13321,765041,68853.69,170141.17332872268
21,Kentucky,001,Adair,21001,589699,53072.91,131146.0167112278
21,Kentucky,003,Allen,21003,420871,37878.39,93599.54010312237
21,Kentucky,005,Anderson,21005,311731,28055.79,69327.36690312813
21,Kentucky,007,Ballard,21007,209490,18854.1,46589.4957272017
21,Kentucky,009,Barren,21009,372626,33536.34,82870.10088712712
21,Kentucky,011,Bath,21011,397202,35748.18,88335.67655657057
21,Kentucky,013,Bell,21013,897772,80799.48,199659.86327748973
21,Kentucky,015,Boone,21015,278345,25051.05,61902.49266403149
21,Kentucky,017,Bourbon,21017,56144,5052.96,12486.136083383513
21,Kentucky,019,Boyd,21019,292723,26345.07,65100.08572129296
21,Kentucky,021,Boyle,21021,124547,11209.23,27698.61055103246
21,Kentucky,023,Bracken,21023,358192,32237.28,79660.0537186397
21,Kentucky,025,Breathitt,21025,1280532,115247.88,284783.7135068263
21,Kentucky,027,Breckinridge,21027,838194,75437.46,186410.02330214376
21,Kentucky,029,Bullitt,21029,550345,49531.05,122393.8900471947
21,Kentucky,031,Butler,21031,708197,63737.73,157499.36085501485
21,Kentucky,033,Caldwell,21033,414614,37315.26,92208.01556846629
21,Kentucky,035,Calloway,21035,394197,35477.73,87667.3800523926
21,Kentucky,037,Campbell,21037,222902,20061.18,49572.25536581561
21,Kentucky,039,Carlisle,21039,146382,13174.38,32554.601954934547
21,Kentucky,041,Carroll,21041,190936,17184.24,42463.18180423401
21,Kentucky,043,Carter,21043,894195,80477.55,198864.35692293246
21,Kentucky,045,Casey,21045,784820,70633.8,174539.92093475792
21,Kentucky,047,Christian,21047,740611,66654.99,164708.067306404
21,Kentucky,049,Clark,21049,186111,16749.99,41390.126685212825
21,Kentucky,051,Clay,21051,1201543,108138.87,267216.96722778707
21,Kentucky,053,Clinton,21053,317532,28577.88,70617.47938923008
21,Kentucky,055,Crittenden,21055,521963,46976.67,116081.8796040736
21,Kentucky,057,Cumberland,21057,684718,61624.62,152277.75232869392
21,Kentucky,059,Daviess,21059,258455,23260.95,57479.05923038768
21,Kentucky,061,Edmonson,21061,562279,50605.11,125047.95010738098
21,Kentucky,063,Elliott,21063,528048,47524.32,117435.15222567855
21,Kentucky,065,Estill,21065,495341,44580.69,110161.2840851965
21,Kentucky,067,Fayette,21067,58125,5231.25,12926.70026800133
21,Kentucky,069,Fleming,21069,407647,36688.23,90658.5906950527
21,Kentucky,071,Floyd,21071,992331,89309.79,220689.29726702842
21,Kentucky,073,Franklin,21073,294895,26540.55,65583.12732098499
21,Kentucky,075,Fulton,21075,131782,11860.38,29307.637242455934
21,Kentucky,077,Gallatin,21077,156656,14099.04,34839.48657520888
21,Kentucky,079,Garrard,21079,216361,19472.49,48117.57069565653
21,Kentucky,081,Grant,21081,395676,35610.84,87996.30202566355
21,Kentucky,083,Graves,21083,363474,32712.66,80834.74328105833
21,Kentucky,085,Grayson,21085,741712,66754.08,164952.9240288998
21,Kentucky,087,Green,21087,325773,29319.57,72450.23529303393
21,Kentucky,089,Greenup,21089,749564,67460.76,166699.16833865203
21,Kentucky,091,Hancock,21091,288541,25968.69,64170.030486526826
21,Kentucky,093,Hardin,21093,762771,68649.39,169636.33703438524
21,Kentucky,095,Harlan,21095,1206954,108625.86,268420.345724994
21,Kentucky,097,Harrison,21097,315625,28406.25,70193.37242301798
21,Kentucky,099,Hart,21099,591703,53253.27,131591.695977242
21,Kentucky,101,Henderson,21101,226799,20411.91,50438.928070235415
21,Kentucky,103,Henry,21103,338498,30464.82,75280.2096742867
21,Kentucky,105,Hickman,21105,168124,15131.16,37389.91063840784
21,Kentucky,107,Hopkins,21107,767224,69050.16,170626.66127169124
21,Kentucky,109,Jackson,21109,756726,68105.34,168291.96020651312
21,Kentucky,111,Jefferson,21111,259638,23367.42,57742.15233003577
21,Kentucky,113,Jessamine,21113,111728,10055.52,24847.73105450757
21,Kentucky,115,Johnson,21115,649388,58444.92,144420.54251418234
21,Kentucky,117,Kenton,21117,178086,16027.74,39605.40806756619
21,Kentucky,119,Knott,21119,881604,79344.36,196064.18345068462
21,Kentucky,121,Knox,21121,878652,79078.68,195407.67387320267
21,Kentucky,123,Larue,21123,282579,25432.11,62844.11243065028
21,Kentucky,125,Laurel,21125,771176,69405.84,171505.56569249366
21,Kentucky,127,Lawrence,21127,1016693,91502.37,226107.2804400013
21,Kentucky,129,Lee,21129,494069,44466.21,109878.39784449288
21,Kentucky,131,Leslie,21131,1004226,90380.34,223334.68392832522
21,Kentucky,133,Letcher,21133,842942,75864.78,187465.95401822927
21,Kentucky,135,Lewis,21135,1113393,100205.37,247612.8617890891
21,Kentucky,137,Lincoln,21137,337451,30370.59,75047.36227333017
21,Kentucky,139,Livingston,21139,420992,37889.28,93626.44987916414
21,Kentucky,141,Logan,21141,455468,40992.12,101293.73449748008
21,Kentucky,143,Lyon,21143,392629,35336.61,87318.66493806614
21,Kentucky,145,McCracken,21145,223391,20105.19,49681.006444199316
21,Kentucky,147,McCreary,21147,1061143,95502.87,235992.73122559543
21,Kentucky,149,McLean,21149,147919,13312.71,32896.422829118084
21,Kentucky,151,Madison,21151,468609,42174.81,104216.22513355415
21,Kentucky,153,Magoffin,21153,742230,66800.7,165068.12455773982
21,Kentucky,155,Marion,21155,395759,35618.31,88014.76079765915
21,Kentucky,157,Marshall,21157,377499,33974.91,83953.83095862769
21,Kentucky,159,Martin,21159,584547,52609.23,130000.23847844084
21,Kentucky,161,Mason,21161,219168,19725.12,48741.83302085704
21,Kentucky,163,Meade,21163,382779,34450.11,85128.07573135967
21,Kentucky,165,Menifee,21165,423464,38111.76,94176.20993185231
21,Kentucky,167,Mercer,21167,201931,18173.79,44908.41310654239
21,Kentucky,169,Metcalfe,21169,420191,37817.19,93448.31160966447
21,Kentucky,171,Monroe,21171,410921,36982.89,91386.71141208387
21,Kentucky,173,Montgomery,21173,145559,13100.31,32371.570998881816
21,Kentucky,175,Morgan,21175,912670,82140.3,202973.10165327782
21,Kentucky,177,Muhlenberg,21177,769840,69285.6,171208.44618181753
21,Kentucky,179,Nelson,21179,492865,44357.85,109610.63445313506
21,Kentucky,181,Nicholas,21181,232190,20897.1,51637.85867057598
21,Kentucky,183,Ohio,21183,931194,83807.46,207092.7437309459
21,Kentucky,185,Oldham,21185,220226,19820.34,48977.12676509008
21,Kentucky,187,Owen,21187,561846,50566.14,124951.65314022324
21,Kentucky,189,Owsley,21189,429630,38666.7,95547.49653576621
21,Kentucky,191,Pendleton,21191,473200,42588.0,105237.23985923835
21,Kentucky,193,Perry,21193,811529,73037.61,180479.8648050039
21,Kentucky,195,Pike,21195,1899133,170921.97,422357.3859797018
21,Kentucky,197,Powell,21197,440986,39688.74,98073.01237651327
21,Kentucky,199,Pulaski,21199,986006,88740.54,219282.64988302658
21,Kentucky,201,Robertson,21201,168304,15147.36,37429.94171020552
21,Kentucky,203,Rockcastle,21203,647702,58293.18,144045.58480834405
21,Kentucky,205,Rowan,21205,586798,52811.82,130500.84927075518
21,Kentucky,207,Russell,21207,374220,33679.8,83224.59826737992
21,Kentucky,209,Scott,21209,264215,23779.35,58760.053527913486
21,Kentucky,211,Shelby,21211,252212,22699.08,56090.64822353809
21,Kentucky,213,Simpson,21213,76138,6852.42,16932.69858073265
21,Kentucky,215,Spencer,21215,217078,19537.02,48277.02779831729
21,Kentucky,217,Taylor,21217,325005,29250.45,72279.43605336382
21,Kentucky,219,Todd,21219,320855,28876.95,71356.49745358394
21,Kentucky,221,Trigg,21221,752998,67769.82,167462.87223061445
21,Kentucky,223,Trimble,21223,281311,25317.99,62562.11576931995
21,Kentucky,225,Union,21225,163260,14693.4,36308.18212049716
21,Kentucky,227,Warren,21227,493403,44406.27,109730.28287884146
21,Kentucky,229,Washington,21229,315554,28399.86,70177.58238914222
21,Kentucky,231,Wayne,21231,918688,82681.92,204311.4738203803
21,Kentucky,233,Webster,21233,314444,28299.96,69930.72411305652
21,Kentucky,235,Whitley,21235,910624,81956.16,202518.0818038442
21,Kentucky,237,Wolfe,21237,492744,44346.96,109583.72467709328
21,Kentucky,239,Woodford,21239,60060,5405.4,13357.034289826406
22,Louisiana,001,Acadia,22001,355455,31990.95,79051.35903247162
22,Louisiana,003,Allen,22003,1492533,134327.97,331931.6426856057
22,Louisiana,005,Ascension,22005,340509,30645.81,75727.44570420413
22,Louisiana,007,Assumption,22007,573745,51637.05,127597.9293808933
22,Louisiana,009,Avoyelles,22009,1038977,93507.93,231063.12712855428
22,Louisiana,011,Beauregard,22011,2406032,216542.88,535089.1096639961
22,Louisiana,013,Bienville,22013,1767672,159090.48,393121.1374819518
22,Louisiana,015,Bossier,22015,1606599,144593.91,357299.3328837964
22,Louisiana,017,Caddo,22017,1255995,113039.55,279326.81123627233
22,Louisiana,019,Calcasieu,22019,1136794,102311.46,252817.12351763103
22,Louisiana,021,Caldwell,22021,1087074,97836.66,241759.65190773812
22,Louisiana,023,Cameron,22023,78996,7109.64,17568.303042942505
22,Louisiana,025,Catahoula,22025,875327,78779.43,194668.21101916215
22,Louisiana,027,Claiborne,22027,1700352,153031.68,378149.5166296189
22,Louisiana,029,Concordia,22029,836251,75262.59,185977.91012157212
22,Louisiana,031,De Soto,22031,1751365,157622.85,389494.54477192514
22,Louisiana,033,East Baton Rouge,22033,487498,43874.82,108417.0413290342
22,Louisiana,035,East Carroll,22035,180826,16274.34,40214.76993826423
22,Louisiana,037,East Feliciana,22037,870951,78385.59,193695.01118479186
22,Louisiana,039,Evangeline,22039,905701,81513.09,201423.2319901776
22,Louisiana,041,Franklin,22041,489363,44042.67,108831.80771182684
22,Louisiana,043,Grant,22043,1457316,131158.44,324099.56348838925
22,Louisiana,045,Iberia,22045,483831,43544.79,107601.51943857809
22,Louisiana,047,Iberville,22047,1278198,115037.82,284264.64394251636
22,Louisiana,049,Jackson,22049,1252735,112746.15,278601.8040470477
22,Louisiana,051,Jefferson,22051,119565,10760.85,26590.63944160996
22,Louisiana,053,Jefferson Davis,22053,279681,25171.29,62199.61217470761
22,Louisiana,055,Lafayette,22055,52269,4704.21,11624.356065516757
22,Louisiana,057,Lafourche,22057,820248,73822.32,182418.92544391492
22,Louisiana,059,La Salle,22059,1397415,125767.35,310777.8899786508
22,Louisiana,061,Lincoln,22061,955499,85994.91,212498.0503978495
22,Louisiana,063,Livingston,22063,1388798,124991.82,308861.5136137585
22,Louisiana,065,Madison,22065,605734,54516.06,134712.11802387127
22,Louisiana,067,Morehouse,22067,838585,75472.65,186496.97968588208
22,Louisiana,069,Natchitoches,22069,2389573,215061.57,531428.7129377848
22,Louisiana,071,Orleans,22071,55850,5026.5,12420.751999447299
22,Louisiana,073,Ouachita,22073,1016901,91521.09,226153.53856741198
22,Louisiana,075,Plaquemines,22075,161117,14500.53,35831.58997126143
22,Louisiana,077,Pointe Coupee,22077,606419,54577.71,134864.45849154578
22,Louisiana,079,Rapides,22079,2312748,208147.32,514343.22909969103
22,Louisiana,081,Red River,22081,590104,53109.36,131236.0866227726
22,Louisiana,083,Richland,22083,459028,41312.52,102085.4601397009
22,Louisiana,085,Sabine,22085,1888473,169962.57,419986.6569499058
22,Louisiana,087,St. Bernard,22087,96632,8696.88,21490.458499742013
22,Louisiana,089,St. Charles,22089,288747,25987.23,64215.84382425084
22,Louisiana,091,St. Helena,22091,855057,76955.13,190160.26754505656
22,Louisiana,093,St. James,22093,415403,37386.27,92383.48509984613
22,Louisiana,095,St. John the Baptist,22095,382001,34380.09,84955.05254325636
22,Louisiana,097,St. Landry,22097,908946,81805.14,202144.90325675247
22,Louisiana,099,St. Martin,22099,1447375,130263.75,321888.73635094066
22,Louisiana,101,St. Mary,22101,783681,70531.29,174286.61320821592
22,Louisiana,103,St. Tammany,22103,1559708,140373.72,346871.01628565707
22,Louisiana,105,Tangipahoa,22105,1306725,117605.25,290608.90163791896
22,Louisiana,107,Tensas,22107,688990,62009.1,153227.8230993589
22,Louisiana,109,Terrebonne,22109,539751,48577.59,120037.83907705783
22,Louisiana,111,Union,22111,1947707,175293.63,433159.99309914955
22,Louisiana,113,Vermilion,22113,164971,14847.39,36688.69969741845
22,Louisiana,115,Vernon,22115,2852250,256702.5,634325.6918607621
22,Louisiana,117,Washington,22117,1281436,115329.24,284984.758445188
22,Louisiana,119,Webster,22119,1243719,111934.71,276596.6921396705
22,Louisiana,121,West Baton Rouge,22121,278383,25054.47,61910.94366807766
22,Louisiana,123,West Carroll,22123,286484,25783.56,63712.56429381666
22,Louisiana,125,West Feliciana,22125,855630,77006.7,190287.69979027918
22,Louisiana,127,Winn,22127,2242234,201801.06,498661.2791177926
28,Mississippi,001,Adams,28001,961054,86494.86,213733.45375249462
28,Mississippi,003,Alcorn,28003,680772,61269.48,151400.1822769514
28,Mississippi,005,Amite,28005,1614230,145280.7,358996.4279331748
28,Mississippi,007,Attala,28007,1532506,137925.54,340821.4317576541
28,Mississippi,009,Benton,28009,788231,70940.79,175298.50974532397
28,Mississippi,011,Bolivar,28011,463331,41699.79,103042.4251505088
28,Mississippi,013,Calhoun,28013,982606,88434.54,218526.50741573703
28,Mississippi,015,Carroll,28015,1262942,113664.78,280871.78821281955
28,Mississippi,017,Chickasaw,28017,646051,58144.59,143678.41092202198
28,Mississippi,019,Choctaw,28019,926252,83362.68,205993.66841525622
28,Mississippi,021,Claiborne,28021,1112419,100117.71,247396.249211695
28,Mississippi,023,Clarke,28023,1532494,137924.46,340818.7630195343
28,Mississippi,025,Clay,28025,605677,54510.93,134699.441517802
28,Mississippi,027,Coahoma,28027,356701,32103.09,79328.4630072489
28,Mississippi,029,Copiah,28029,1617223,145550.07,359662.05569923297
28,Mississippi,031,Covington,28031,760943,68484.87,169229.79926079547
28,Mississippi,033,DeSoto,28033,462232,41600.88,102798.01321769963
28,Mississippi,035,Forrest,28035,938200,84438.0,208650.84200324898
28,Mississippi,037,Franklin,28037,1349175,121425.75,300049.5627368722
28,Mississippi,039,George,28039,988427,88958.43,219821.0677987054
28,Mississippi,041,Greene,28041,1602486,144223.74,356384.6228932194
28,Mississippi,043,Grenada,28043,791142,71202.78,175945.90113422982
28,Mississippi,045,Hancock,28045,834500,75105.0,185588.496750918
28,Mississippi,047,Harrison,28047,1018965,91706.85,226612.56152402537
28,Mississippi,049,Hinds,28049,1313403,118206.27,292094.0544016129
28,Mississippi,051,Holmes,28051,1360753,122467.77,302624.45023283636
28,Mississippi,053,Humphreys,28053,192759,17348.31,42868.6076036072
28,Mississippi,055,Issaquena,28055,588702,52983.18,130924.28905243732
28,Mississippi,057,Itawamba,28057,1049542,94458.78,233412.72864823486
28,Mississippi,059,Jackson,28059,1321196,118907.64,293827.1774156092
28,Mississippi,061,Jasper,28061,1487853,133906.77,330890.83481886593
28,Mississippi,063,Jefferson,28063,1236603,111294.27,275014.13043460215
28,Mississippi,065,Jefferson Davis,28065,811679,73051.11,180513.22403150197
28,Mississippi,067,Jones,28067,1304809,117432.81,290182.79311811697
28,Mississippi,069,Kemper,28069,1641070,147696.3,364965.50552789576
28,Mississippi,071,Lafayette,28071,1296264,116663.76,288282.42918194365
28,Mississippi,073,Lamar,28073,940811,84672.99,209231.5149391587
28,Mississippi,075,Lauderdale,28075,1446593,130193.37,321714.823583464
28,Mississippi,077,Lawrence,28077,880262,79223.58,195765.72957094858
28,Mississippi,079,Leake,28079,1144285,102985.65,254483.08328894456
28,Mississippi,081,Lee,28081,440526,39647.34,97970.71074858587
28,Mississippi,083,Leflore,28083,318520,28666.8,70837.20549443069
28,Mississippi,085,Lincoln,28085,1115941,100434.69,248179.5238498696
28,Mississippi,087,Lowndes,28087,640594,57653.46,142464.80226202225
28,Mississippi,089,Madison,28089,1107098,99638.82,246212.88625038686
28,Mississippi,091,Marion,28091,1090197,98117.73,242454.1910034279
28,Mississippi,093,Marshall,28093,1231888,110869.92,273965.5387483462
28,Mississippi,095,Monroe,28095,1185720,106714.8,263698.01362192753
28,Mississippi,097,Montgomery,28097,785085,70657.65,174598.85556823784
28,Mississippi,099,Neshoba,28099,1100048,99004.32,244645.00260497766
28,Mississippi,101,Newton,28101,1176415,105877.35,261628.6296048307
28,Mississippi,103,Noxubee,28103,1030546,92749.14,229188.11620451955
28,Mississippi,105,Oktibbeha,28105,794282,71485.38,176644.22094225604
28,Mississippi,107,Panola,28107,888949,80005.41,197697.67357487336
28,Mississippi,109,Pearl River,28109,1629952,146695.68,362492.919659859
28,Mississippi,111,Perry,28111,1506231,135560.79,334978.0072494092
28,Mississippi,113,Pike,28113,739481,66553.29,164456.7611334519
28,Mississippi,115,Pontotoc,28115,742454,66820.86,165117.9410026436
28,Mississippi,117,Prentiss,28117,683000,61470.0,151895.6779878694
28,Mississippi,119,Quitman,28119,234016,21061.44,52043.951654479126
28,Mississippi,121,Rankin,28121,1379585,124162.65,306812.5899222471
28,Mississippi,123,Scott,28123,1202170,108195.3,267356.40879454894
28,Mississippi,125,Sharkey,28125,443537,39918.33,98640.34162182375
28,Mississippi,127,Simpson,28127,1134265,102083.85,252254.68695887362
28,Mississippi,129,Smith,28129,1357758,122198.22,301958.37767709163
28,Mississippi,131,Stone,28131,958698,86282.82,213209.49150163165
28,Mississippi,133,Sunflower,28133,171618,15445.62,38166.9582209695
28,Mississippi,135,Tallahatchie,28135,584750,52627.5,130045.38463163488
28,Mississippi,137,Tate,28137,485196,43667.64,107905.08839971051
28,Mississippi,139,Tippah,28139,865419,77887.71,192464.7229115431
28,Mississippi,141,Tishomingo,28141,856643,77097.87,190512.9857665628
28,Mississippi,143,Tunica,28143,280013,25201.17,62273.44726269
28,Mississippi,145,Union,28145,658840,59295.6,146522.61857324725
28,Mississippi,147,Walthall,28147,734740,66126.6,163402.38718126962
28,Mississippi,149,Warren,28149,1201651,108148.59,267240.98587086564
28,Mississippi,151,Washington,28151,313552,28219.68,69732.34791281467
28,Mississippi,153,Wayne,28153,1800325,162029.25,400382.99630089453
28,Mississippi,155,Webster,28155,837020,75331.8,186148.93175608557
28,Mississippi,157,Wilkinson,28157,1587673,142890.57,353090.2880791136
28,Mississippi,159,Winston,28159,1297102,116739.18,288468.7960606462
28,Mississippi,161,Yalobusha,28161,907566,81680.94,201837.99837297024
28,Mississippi,163,Yazoo,28163,1345115,121060.35,299146.6396729911
37,North Carolina,001,Alamance,37001,571587,51442.83,127118.00130900776
37,North Carolina,003,Alexander,37003,394168,35475.12,87660.93060193631
37,North Carolina,005,Alleghany,37005,374560,33710.4,83300.21251410888
37,North Carolina,007,Anson,37007,1017252,91552.68,226231.59915741745
37,North Carolina,009,Ashe,37009,885624,79706.16,196958.21072083287
37,North Carolina,011,Avery,37011,530554,47749.86,117992.47370303962
37,North Carolina,013,Beaufort,37013,1167277,105054.93,259596.3855265684
37,North Carolina,015,Bertie,37015,1250797,112571.73,278170.80284069263
37,North Carolina,017,Bladen,37017,1609528,144857.52,357950.72737988207
37,North Carolina,019,Brunswick,37019,1499672,134970.48,333519.3194720704
37,North Carolina,021,Buncombe,37021,1233804,111042.36,274391.6472681482
37,North Carolina,023,Burke,37023,1058383,95254.47,235378.921458031
37,North Carolina,025,Cabarrus,37025,443509,39915.81,98634.11456621079
37,North Carolina,027,Caldwell,37027,963311,86697.99,214235.39891386888
37,North Carolina,029,Camden,37029,370430,33338.7,82381.7218111954
37,North Carolina,031,Carteret,37031,676884,60919.56,150535.5111261215
37,North Carolina,033,Caswell,37033,831299,74816.91,184876.61085744924
37,North Carolina,035,Catawba,37035,456008,41040.72,101413.82771287313
37,North Carolina,037,Chatham,37037,1333196,119987.64,296495.91553545464
37,North Carolina,039,Cherokee,37039,1098829,98894.61,244373.90329097005
37,North Carolina,041,Chowan,37041,209838,18885.42,46666.889132677214
37,North Carolina,043,Clay,37043,524387,47194.83,116620.96470428238
37,North Carolina,045,Cleveland,37045,602239,54201.51,133934.8480464663
37,North Carolina,047,Columbus,37047,1652301,148707.09,367463.2220132278
37,North Carolina,049,Craven,37049,1210502,108945.18,269209.40262909496
37,North Carolina,051,Cumberland,37051,916577,82491.93,203841.99830613084
37,North Carolina,053,Currituck,37053,306463,27581.67,68155.79086851598
37,North Carolina,055,Dare,37055,684653,61618.77,152263.2966638781
37,North Carolina,057,Davidson,37057,825270,74274.3,183535.79234707024
37,North Carolina,059,Davie,37059,366906,33021.54,81598.00238333413
37,North Carolina,061,Duplin,37061,1110636,99957.24,246999.71920605464
37,North Carolina,063,Durham,37063,392030,35282.7,87185.45042691719
37,North Carolina,065,Edgecombe,37065,629857,56687.13,140076.94882929054
37,North Carolina,067,Forsyth,37067,458273,41244.57,101917.55203299395
37,North Carolina,069,Franklin,37069,856692,77102.28,190523.8831138855
37,North Carolina,071,Gaston,37071,472027,42482.43,104976.37070802346
37,North Carolina,073,Gates,37073,632369,56913.21,140635.60467571154
37,North Carolina,075,Graham,37075,763245,68692.05,169741.75219011915
37,North Carolina,077,Granville,37077,1060221,95419.89,235787.68318005398
37,North Carolina,079,Greene,37079,292876,26358.84,65134.11213232099
37,North Carolina,081,Guilford,37081,696514,62686.26,154901.12190050198
37,North Carolina,083,Halifax,37083,1175429,105788.61,261409.34828931672
37,North Carolina,085,Harnett,37085,918296,82646.64,204224.2950417987
37,North Carolina,087,Haywood,37087,1262684,113641.56,280814.41034324287
37,North Carolina,089,Henderson,37089,565590,50903.1,125784.299433615
37,North Carolina,091,Hertford,37091,620775,55869.75,138057.1588622542
37,North Carolina,093,Hoke,37093,639541,57558.69,142230.62049200584
37,North Carolina,095,Hyde,37095,888225,79940.25,197536.65970830937
37,North Carolina,097,Iredell,37097,684698,61622.82,152273.3044318275
37,North Carolina,099,Jackson,37099,1182246,106402.14,262925.4139362323
37,North Carolina,101,Johnston,37101,1056344,95070.96,234925.45837250058
37,North Carolina,103,Jones,37103,872006,78480.54,193929.63774449492
37,North Carolina,105,Lee,37105,452355,40711.95,100601.41935022351
37,North Carolina,107,Lenoir,37107,472527,42527.43,105087.56812968368
37,North Carolina,109,Lincoln,37109,386913,34822.17,86047.45601364643
37,North Carolina,111,McDowell,37111,992546,89329.14,220737.11215834232
37,North Carolina,113,Macon,37113,1188820,106993.8,264387.43763622094
37,North Carolina,115,Madison,37115,1041527,93737.43,231630.23397902143
37,North Carolina,117,Martin,37117,741135,66702.15,164824.60220430393
37,North Carolina,119,Mecklenburg,37119,326334,29370.06,72574.9988001367
37,North Carolina,121,Mitchell,37121,525319,47278.71,116828.23669825704
37,North Carolina,123,Montgomery,37123,1058761,95288.49,235462.98670880613
37,North Carolina,125,Moore,37125,1346392,121175.28,299430.63788791135
37,North Carolina,127,Nash,37127,716329,64469.61,159307.87572089676
37,North Carolina,129,New Hanover,37129,178363,16052.67,39667.01143916596
37,North Carolina,131,Northampton,37131,813564,73220.76,180932.438311161
37,North Carolina,133,Onslow,37133,1311174,118005.66,291598.3362958516
37,North Carolina,135,Orange,37135,664333,59789.97,147744.2334476065
37,North Carolina,137,Pamlico,37137,523130,47081.7,116341.41438622857
37,North Carolina,139,Pasquotank,37139,209295,18836.55,46546.12873275421
37,North Carolina,141,Pender,37141,1761980,158578.2,391855.26603377174
37,North Carolina,143,Perquimans,37143,260196,23417.64,57866.248652608585
37,North Carolina,145,Person,37145,688137,61932.33,153038.12029800654
37,North Carolina,147,Pitt,37147,762326,68609.34,169537.37132910764
37,North Carolina,149,Polk,37149,464273,41784.57,103251.92109291667
37,North Carolina,151,Randolph,37151,1273600,114624.0,283242.07245292893
37,North Carolina,153,Richmond,37153,864807,77832.63,192328.617267431
37,North Carolina,155,Robeson,37155,1158179,104236.11,257573.03724203893
37,North Carolina,157,Rockingham,37157,986155,88753.95,219315.7867146813
37,North Carolina,159,Rowan,37159,671579,60442.11,149355.7064823065
37,North Carolina,161,Rutherford,37161,1101496,99134.64,244967.0303381057
37,North Carolina,163,Sampson,37163,1272451,114520.59,282986.54077795375
37,North Carolina,165,Scotland,37165,491970,44277.3,109411.59106836325
37,North Carolina,167,Stanly,37167,522336,47010.24,116164.83288063214
37,North Carolina,169,Stokes,37169,862875,77658.75,191898.95043013588
37,North Carolina,171,Surry,37171,868501,78165.09,193150.14381865674
37,North Carolina,173,Swain,37173,1425147,128263.23,316945.3437736136
37,North Carolina,175,Transylvania,37175,892699,80342.91,198531.65423732507
37,North Carolina,177,Tyrrell,37177,741553,66739.77,164917.56324881187
37,North Carolina,179,Union,37179,638653,57478.77,142033.13387113725
37,North Carolina,181,Vance,37181,437195,39347.55,97229.91352548545
37,North Carolina,183,Wake,37183,912317,82108.53,202894.59627358572
37,North Carolina,185,Warren,37185,868354,78151.86,193117.45177668863
37,North Carolina,187,Washington,37187,435718,39214.62,96901.43634190114
37,North Carolina,189,Watauga,37189,641875,57768.75,142749.69005631577
37,North Carolina,191,Wayne,37191,561540,50538.6,124883.60031816717
37,North Carolina,193,Wilkes,37193,1540607,138654.63,342623.0523833931
37,North Carolina,195,Wilson,37195,431372,38823.48,95934.90835283045
37,North Carolina,197,Yadkin,37197,401981,36178.29,89398.50151279902
37,North Carolina,199,Yancey,37199,717780,64600.2,159630.57063855475
45,South Carolina,001,Abbeville,45001,952078,85687.02,211737.23763885023
45,South Carolina,003,Aiken,45003,1852366,166712.94,411956.6463421342
45,South Carolina,005,Allendale,45005,716597,64493.73,159367.47753890665
45,South Carolina,007,Anderson,45007,910319,81928.71,202450.25137663144
45,South Carolina,009,Bamberg,45009,707376,63663.84,157316.77468864876
45,South Carolina,011,Barnwell,45011,1022621,92035.89,227425.63707120495
45,South Carolina,013,Beaufort,45013,613403,55206.27,136417.66407729583
45,South Carolina,015,Berkeley,45015,2316321,208468.89,515137.84587487497
45,South Carolina,017,Calhoun,45017,625616,56305.44,139133.7722987685
45,South Carolina,019,Charleston,45019,1242014,111781.26,276217.5089318091
45,South Carolina,021,Cherokee,45021,703632,63326.88,156484.12839525696
45,South Carolina,023,Chester,45023,1234633,111116.97,274576.01259326085
45,South Carolina,025,Chesterfield,45025,1421480,127933.2,316129.82188315754
45,South Carolina,027,Clarendon,45027,972006,87480.54,216169.12207654022
45,South Carolina,029,Colleton,45029,2051513,184636.17,456245.91220487247
45,South Carolina,031,Darlington,45031,725085,65257.65,161255.16496901066
45,South Carolina,033,Dillon,45033,581800,52362.0,129389.31984383955
45,South Carolina,035,Dorchester,45035,1120254,100822.86,249138.71280911073
45,South Carolina,037,Edgefield,45037,1057091,95138.19,235091.58732046097
45,South Carolina,039,Fairfield,45039,1627176,146445.84,361875.5515748014
45,South Carolina,041,Florence,45041,1216522,109486.98,270548.21958588413
45,South Carolina,043,Georgetown,45043,1547959,139316.31,344258.09927148506
45,South Carolina,045,Greenville,45045,1173136,105582.24,260899.39691358292
45,South Carolina,047,Greenwood,45047,863188,77686.92,191968.56001609517
45,South Carolina,049,Hampton,45049,1091175,98205.75,242671.69316019528
45,South Carolina,051,Horry,45051,1823919,164152.71,405630.1802341973
45,South Carolina,053,Jasper,45053,1305571,117501.39,290352.2579887271
45,South Carolina,055,Kershaw,45055,1383678,124531.02,307722.85201595776
45,South Carolina,057,Lancaster,45057,1066559,95990.31,237197.221697019
45,South Carolina,059,Laurens,45059,1356210,122058.9,301614.11045963154
45,South Carolina,061,Lee,45061,557777,50199.93,124046.72852275231
45,South Carolina,063,Lexington,45063,946457,85181.13,210487.15622454596
45,South Carolina,065,McCormick,45065,860763,77468.67,191429.25252104306
45,South Carolina,067,Marion,45067,906102,81549.18,201512.4123223491
45,South Carolina,069,Marlboro,45069,708516,63766.44,157570.30481003408
45,South Carolina,071,Newberry,45071,1284345,115591.05,285631.70504440716
45,South Carolina,073,Oconee,45073,1259274,113334.66,280056.0439275201
45,South Carolina,075,Orangeburg,45075,1779030,160112.7,395647.0981123855
45,South Carolina,077,Pickens,45077,970264,87323.76,215781.710259476
45,South Carolina,079,Richland,45079,1256594,113093.46,279460.0257474213
45,South Carolina,081,Saluda,45081,800708,72063.72,178073.33020543327
45,South Carolina,083,Spartanburg,45083,1100915,99082.35,244837.8189341365
45,South Carolina,085,Sumter,45085,1097412,98767.08,244058.76979798495
45,South Carolina,087,Union,45087,1174121,105670.89,261118.45583425357
45,South Carolina,089,Williamsburg,45089,1754739,157926.51,390244.90497328836
45,South Carolina,091,York,45091,1067877,96108.93,237490.33810051536
47,Tennessee,001,Anderson,47001,621625,55946.25,138246.1944790766
47,Tennessee,003,Bedford,47003,425729,38315.61,94679.93425197313
47,Tennessee,005,Benton,47005,801006,72090.54,178139.60386874276
47,Tennessee,007,Bledsoe,47007,750422,67537.98,166889.98311422096
47,Tennessee,009,Blount,47009,962925,86663.25,214149.55450434718
47,Tennessee,011,Bradley,47011,427771,38499.39,95134.0645220335
47,Tennessee,013,Campbell,47013,1110433,99938.97,246954.57305286056
47,Tennessee,015,Cannon,47015,438168,39435.12,97446.30370803624
47,Tennessee,017,Carroll,47017,897488,80773.92,199596.7031419867
47,Tennessee,019,Carter,47019,737960,66416.4,164118.49857676149
47,Tennessee,021,Cheatham,47021,574501,51705.09,127766.05988244356
47,Tennessee,023,Chester,47023,502298,45206.82,111708.4850101769
47,Tennessee,025,Claiborne,47025,810161,72914.49,180175.6286593415
47,Tennessee,027,Clay,47027,472253,42502.77,105026.63194261388
47,Tennessee,029,Cocke,47029,906521,81586.89,201605.59576170036
47,Tennessee,031,Coffee,47031,495187,44566.83,110127.03527932515
47,Tennessee,033,Crockett,47033,67020,6031.8,14904.90239933676
47,Tennessee,035,Cumberland,47035,1328657,119579.13,295486.4653416231
47,Tennessee,037,Davidson,47037,544835,49035.15,121168.494460499
47,Tennessee,039,Decatur,47039,624848,56236.32,138962.9730590984
47,Tennessee,041,DeKalb,47041,544217,48979.53,121031.05444732697
47,Tennessee,043,Dickson,47043,885490,79694.1,196928.4098118279
47,Tennessee,045,Dyer,47045,255983,23038.47,56929.29917769952
47,Tennessee,047,Fayette,47047,820075,73806.75,182380.45113602048
47,Tennessee,049,Fentress,47049,1092571,98331.39,242982.15636147064
47,Tennessee,051,Franklin,47051,879959,79196.31,195698.3439334225
47,Tennessee,053,Gibson,47053,313314,28198.26,69679.41794010441
47,Tennessee,055,Giles,47055,865619,77905.71,192509.2018802072
47,Tennessee,057,Grainger,47057,454738,40926.42,101131.38626185615
47,Tennessee,059,Greene,47059,719408,64746.72,159992.62944348043
47,Tennessee,061,Grundy,47061,806716,72604.44,179409.47842410256
47,Tennessee,063,Hamblen,47063,148911,13401.99,33117.03851369197
47,Tennessee,065,Hamilton,47065,766645,68998.05,170497.89465740867
47,Tennessee,067,Hancock,47067,483950,43555.5,107627.98442493322
47,Tennessee,069,Hardeman,47069,1175147,105763.23,261346.63294350036
47,Tennessee,071,Hardin,47071,1042395,93815.55,231823.2727030236
47,Tennessee,073,Hawkins,47073,785420,70687.8,174673.3578407502
47,Tennessee,075,Haywood,47075,413235,37191.15,91901.3330795274
47,Tennessee,077,Henderson,47077,826817,74413.53,183879.83716968697
47,Tennessee,079,Henry,47079,777978,70018.02,173018.29541675939
47,Tennessee,081,Hickman,47081,1321184,118906.56,293824.50867748936
47,Tennessee,083,Houston,47083,426090,38348.1,94760.21879041182
47,Tennessee,085,Humphreys,47085,1110939,99984.51,247067.10484358072
47,Tennessee,087,Jackson,47087,642745,57847.05,142943.17357000455
47,Tennessee,089,Jefferson,47089,285284,25675.56,63445.69048183211
47,Tennessee,091,Johnson,47091,648508,58365.72,144224.8350520603
47,Tennessee,093,Knox,47093,497445,44770.05,110629.20283554273
47,Tennessee,095,Lake,47095,88761,7988.49,19739.98868796673
47,Tennessee,097,Lauderdale,47097,450098,40508.82,100099.47418884924
47,Tennessee,099,Lawrence,47099,810732,72965.88,180302.61611487748
47,Tennessee,101,Lewis,47101,685187,61666.83,152382.0555102112
47,Tennessee,103,Lincoln,47103,671050,60394.5,149238.05961019
47,Tennessee,105,Loudon,47105,240026,21602.34,53380.54466283505
47,Tennessee,107,McMinn,47107,627303,56457.27,139508.95239945012
47,Tennessee,109,McNairy,47109,951756,85658.04,211665.62649930106
47,Tennessee,111,Macon,47111,475315,42778.35,105707.60495286112
47,Tennessee,113,Madison,47113,683073,61476.57,151911.91281143177
47,Tennessee,115,Marion,47115,1128333,101549.97,250935.44074829668
47,Tennessee,117,Marshall,47117,512513,46126.17,113980.24833469532
47,Tennessee,119,Maury,47119,847181,76246.29,188408.68575906468
47,Tennessee,121,Meigs,47121,321415,28927.35,71481.0385658434
47,Tennessee,123,Monroe,47123,1257531,113177.79,279668.4097156126
47,Tennessee,125,Montgomery,47125,706807,63612.63,157190.2320227994
47,Tennessee,127,Moore,47127,207487,18673.83,46144.03885603083
47,Tennessee,129,Morgan,47129,1211372,109023.48,269402.8861427838
47,Tennessee,131,Obion,47131,382833,34454.97,85140.08505289898
47,Tennessee,133,Overton,47133,775716,69814.44,172515.2382811685
47,Tennessee,135,Perry,47135,998451,89860.59,222050.3537081496
47,Tennessee,137,Pickett,47137,330378,29734.02,73474.36354652462
47,Tennessee,139,Polk,47139,1008607,90774.63,224308.99573691213
47,Tennessee,141,Putnam,47141,656721,59104.89,146051.3639002512
47,Tennessee,143,Rhea,47143,544027,48962.43,120988.79942709608
47,Tennessee,145,Roane,47145,679578,61162.02,151134.6428340268
47,Tennessee,147,Robertson,47147,347036,31233.24,77179.01684655673
47,Tennessee,149,Rutherford,47149,678410,61056.9,150874.8856570285
47,Tennessee,151,Scott,47151,1327383,119464.47,295203.13431123283
47,Tennessee,153,Sequatchie,47153,607114,54640.26,135019.0229076535
47,Tennessee,155,Sevier,47155,1182255,106402.95,262927.41548982216
47,Tennessee,157,Shelby,47157,548811,49392.99,122052.73635754113
47,Tennessee,159,Smith,47159,506834,45615.06,112717.26801947846
47,Tennessee,161,Stewart,47161,1035966,93236.94,230393.4962553164
47,Tennessee,163,Sullivan,47163,593093,53378.37,131900.82480945744
47,Tennessee,165,Sumner,47165,585119,52660.71,130127.44832882013
47,Tennessee,167,Tipton,47167,327017,29431.53,72726.89447812458
47,Tennessee,169,Trousdale,47169,134274,12084.66,29861.845192010504
47,Tennessee,171,Unicoi,47171,457267,41154.03,101693.82282061358
47,Tennessee,173,Union,47173,414823,37334.07,92254.49609072028
47,Tennessee,175,Van Buren,47175,573355,51601.95,127511.19539199832
47,Tennessee,177,Warren,47177,473768,42639.12,105363.56013024437
47,Tennessee,179,Washington,47179,291494,26234.46,64826.76245885212
47,Tennessee,181,Wayne,47181,1525342,137280.78,339228.1951001064
47,Tennessee,183,Weakley,47183,532467,47922.03,118417.91503831164
47,Tennessee,185,White,47185,560594,50453.46,124673.21479638602
47,Tennessee,187,Williamson,47187,771142,69402.78,171498.00426782077
47,Tennessee,189,Wilson,47189,695706,62613.54,154721.42686709907
51,Virginia,001,Accomack,51001,425642,38307.78,94660.58590060424
51,Virginia,003,Albemarle,51003,1327828,119504.52,295302.10001651046
51,Virginia,005,Alleghany,51005,1144305,102987.45,254487.53118581095
51,Virginia,007,Amelia,51007,651344,58620.96,144855.54682771713
51,Virginia,009,Amherst,51009,1042667,93840.03,231883.76410040676
51,Virginia,011,Appomattox,51011,618004,55620.36,137440.90275141323
51,Virginia,013,Arlington,51013,3024,272.16,672.5220062010499
51,Virginia,015,Augusta,51015,1563944,140754.96,347813.08084196254
51,Virginia,017,Bath,51017,1320274,118824.66,293622.12937006773
51,Virginia,019,Bedford,51019,1320775,118869.75,293733.54918657127
51,Virginia,021,Bland,51021,802008,72180.72,178362.44350174986
51,Virginia,023,Botetourt,51023,1112808,100152.72,247482.76080574666
51,Virginia,025,Brunswick,51025,1141291,102716.19,253817.23312804312
51,Virginia,027,Buchanan,51027,1299164,116924.76,288927.374227573
51,Virginia,029,Buckingham,51029,1142227,102800.43,254025.39470139105
51,Virginia,031,Campbell,51031,823088,74077.92,183050.526798945
51,Virginia,033,Caroline,51033,1070774,96369.66,238134.61596161473
51,Virginia,035,Carroll,51035,835580,75202.2,185828.6831817041
51,Virginia,036,Charles City,51036,376336,33870.24,83695.18575584599
51,Virginia,037,Charlotte,51037,921565,82940.85,204951.30378461326
51,Virginia,041,Chesterfield,51041,676873,60918.57,150533.06478284497
51,Virginia,043,Clarke,51043,184785,16630.65,41095.231122969904
51,Virginia,045,Craig,51045,791246,71212.14,175969.03019793515
51,Virginia,047,Culpeper,51047,468622,42175.98,104219.11626651732
51,Virginia,049,Cumberland,51049,599521,53956.89,133330.3788623213
51,Virginia,051,Dickenson,51051,765790,68921.1,170307.7470663697
51,Virginia,053,Dinwiddie,51053,1019584,91762.56,226750.22393204074
51,Virginia,057,Essex,51057,452973,40767.57,100738.85936339555
51,Virginia,059,Fairfax,51059,321299,28916.91,71455.24076401822
51,Virginia,061,Fauquier,51061,924365,83192.85,205574.0093459105
51,Virginia,063,Floyd,51063,664291,59786.19,147734.89286418704
51,Virginia,065,Fluvanna,51065,583722,52534.98,129816.76273270146
51,Virginia,067,Franklin,51067,1260946,113485.14,280427.8881055519
51,Virginia,069,Frederick,51069,637481,57373.29,141772.48711476568
51,Virginia,071,Giles,51071,803012,72271.08,178585.7279244436
51,Virginia,073,Gloucester,51073,386250,34762.5,85900.00823252497
51,Virginia,075,Goochland,51075,556434,50079.06,123748.05224817294
51,Virginia,077,Grayson,51077,834425,75098.25,185571.817137669
51,Virginia,079,Greene,51079,287219,25849.71,63876.02450365719
51,Virginia,081,Greensville,51081,575818,51823.62,128058.9538910966
51,Virginia,083,Halifax,51083,1557983,140218.47,346487.3851809293
51,Virginia,085,Hanover,51085,760888,68479.92,169217.56754441283
51,Virginia,087,Henrico,51087,254039,22863.51,56496.96360228456
51,Virginia,089,Henry,51089,766774,69009.66,170526.583592197
51,Virginia,091,Highland,51091,936078,84247.02,208178.92014572298
51,Virginia,093,Isle of Wight,51093,444729,40025.61,98905.43627506173
51,Virginia,095,James City,51095,229652,20668.68,51073.42055822867
51,Virginia,097,King and Queen,51097,598130,53831.7,133021.02763526255
51,Virginia,099,King George,51099,317188,28546.92,70540.97556312784
51,Virginia,101,King William,51101,502141,45192.69,111673.56901977559
51,Virginia,103,Lancaster,51103,203547,18319.23,45267.80317334824
51,Virginia,105,Lee,51105,869286,78235.74,193324.7237706633
51,Virginia,107,Loudoun,51107,494792,44531.28,110039.18931621357
51,Virginia,109,Louisa,51109,962471,86622.39,214048.58724547972
51,Virginia,111,Lunenburg,51111,893581,80422.29,198727.8064891337
51,Virginia,113,Madison,51113,534777,48129.93,118931.64712638188
51,Virginia,115,Mathews,51115,134381,12094.29,29885.641440245792
51,Virginia,117,Mecklenburg,51117,1128163,101534.67,250897.6336249322
51,Virginia,119,Middlesex,51119,204513,18406.17,45482.636591995804
51,Virginia,121,Montgomery,51121,704817,63433.53,156747.66628459172
51,Virginia,125,Nelson,51125,1045774,94119.66,232574.7448786034
51,Virginia,127,New Kent,51127,407071,36636.39,90530.49126530012
51,Virginia,131,Northampton,51131,139701,12573.09,31068.782006710604
51,Virginia,133,Northumberland,51133,276288,24865.92,61445.02647132132
51,Virginia,135,Nottoway,51135,576044,51843.96,128109.21512568703
51,Virginia,137,Orange,51137,520376,46833.84,115728.93898772405
51,Virginia,139,Page,51139,598746,53887.14,133158.02285874795
51,Virginia,141,Patrick,51141,1024915,92242.35,227935.81084178208
51,Virginia,143,Pittsylvania,51143,1590492,143144.28,353717.2191424339
51,Virginia,145,Powhatan,51145,487775,43899.75,108478.64470063396
51,Virginia,147,Prince Edward,51147,701591,63143.19,156030.22052003993
51,Virginia,149,Prince George,51149,499735,44976.15,111138.48702674657
51,Virginia,153,Prince William,51153,425008,38250.72,94519.58756993909
51,Virginia,155,Pulaski,51155,477525,42977.25,106199.09755659931
51,Virginia,157,Rappahannock,51157,542012,48781.08,120540.67381780536
51,Virginia,159,Richmond,51159,316904,28521.36,70477.81542762484
51,Virginia,161,Roanoke,51161,497340,44760.6,110605.85137699409
51,Virginia,163,Rockbridge,51163,1187621,106885.89,264120.7862190797
51,Virginia,165,Rockingham,51165,1403531,126317.79,312138.0568403987
51,Virginia,167,Russell,51167,838427,75458.43,186461.84130063743
51,Virginia,169,Scott,51169,1073385,96604.65,238715.28889752444
51,Virginia,171,Shenandoah,51171,829112,74620.08,184390.23333510742
51,Virginia,173,Smyth,51173,820171,73815.39,182401.80104097925
51,Virginia,175,Southampton,51175,965928,86933.52,214817.4062188385
51,Virginia,177,Spotsylvania,51177,753594,67823.46,167595.41955723346
51,Virginia,179,Stafford,51179,515511,46395.99,114646.98807497004
51,Virginia,181,Surry,51181,465950,41935.5,103624.87724516507
51,Virginia,183,Sussex,51183,923761,83138.49,205439.68286054497
51,Virginia,185,Tazewell,51185,1047804,94302.36,233026.20641054393
51,Virginia,187,Warren,51187,353735,31836.15,78668.83990196044
51,Virginia,191,Washington,51191,912373,82113.57,202907.05038481165
51,Virginia,193,Westmoreland,51193,365744,32916.96,81339.57957539576
51,Virginia,195,Wise,51195,907921,81712.89,201916.94854234898
51,Virginia,197,Wythe,51197,720213,64819.17,160171.6572923534
51,Virginia,199,York,51199,165728,14915.52,36857.05259381203
51,Virginia,510,Alexandria,51510,490,44.1,108.97347322702197
51,Virginia,515,Bedford,51515,3000,270.0,667.184529961359
51,Virginia,520,Bristol,51520,2164,194.76,481.26244094546024
51,Virginia,530,Buena Vista,51530,4825,434.25,1073.0551190211856
51,Virginia,540,Charlottesville,51540,1516,136.44,337.1505824738067
51,Virginia,550,Chesapeake,51550,460203,41418.27,102346.77408060242
51,Virginia,570,Colonial Heights,51570,2968,267.12,660.0678949751044
51,Virginia,580,Covington,51580,5040,453.6,1120.870010335083
51,Virginia,590,Danville,51590,38285,3445.65,8514.386576523542
51,Virginia,595,Emporia,51595,6174,555.66,1373.0657626604768
51,Virginia,600,Fairfax,51600,1099,98.91,244.41193280917784
51,Virginia,610,Falls Church,51610,39,3.51,8.673398889497667
51,Virginia,620,Franklin,51620,7405,666.45,1646.8338147879545
51,Virginia,630,Fredericksburg,51630,6525,587.25,1451.1263526659557
51,Virginia,640,Galax,51640,5650,508.5,1256.5308647605593
51,Virginia,650,Hampton,51650,15363,1382.67,3416.6519779321193
51,Virginia,660,Harrisonburg,51660,2226,200.34,495.05092123132835
51,Virginia,670,Hopewell,51670,1253,112.77,278.6607386805276
51,Virginia,678,Lexington,51678,305,27.45,67.83042721273816
51,Virginia,680,Lynchburg,51680,48346,4351.14,10751.90109517062
51,Virginia,683,Manassas,51683,1362,122.58,302.90177660245695
51,Virginia,685,Manassas Park,51685,435,39.15,96.74175684439705
51,Virginia,690,Martinsville,51690,8714,784.26,1937.9486646944274
51,Virginia,700,Newport News,51700,37047,3334.23,8239.061760492821
51,Virginia,710,Norfolk,51710,2582,232.38,574.2234854534096
51,Virginia,720,Norton,51720,11615,1045.35,2583.1161051670615
51,Virginia,730,Petersburg,51730,4839,435.51,1076.168646827672
51,Virginia,735,Poquoson,51735,4867,438.03,1082.3957024406448
51,Virginia,740,Portsmouth,51740,3269,294.21,727.0087428145608
51,Virginia,750,Radford,51750,8888,799.92,1976.645367432186
51,Virginia,760,Richmond,51760,19330,1739.7,4298.892321384356
51,Virginia,770,Roanoke,51770,11118,1000.62,2472.5858680367965
51,Virginia,775,Salem,51775,607,54.63,134.99366989551496
51,Virginia,790,Staunton,51790,6304,567.36,1401.9770922921357
51,Virginia,800,Suffolk,51800,629700,56673.0,140042.03283888925
51,Virginia,810,Virginia Beach,51810,192858,17357.22,42890.624693095924
51,Virginia,820,Waynesboro,51820,6694,602.46,1488.7110811871123
51,Virginia,830,Williamsburg,51830,8512,766.08,1893.0249063436959
51,Virginia,840,Winchester,51840,931,83.79,207.04959913134172
