scenario,added_ac,lost_vs_S0_ac,lost_pct,pasture_ac,roads_ac,road_adjacent_ac,dev_ac,target_added_ac,target_mmu_casualty_ac
S0 current gate (crops blocked),188978.395,0.0,0.0,36184.258,17889.411,33761.432,29100.373,103108.198,0.0
S1 + block pasture/hay (7997),146692.594,42285.802,0.224,0.0,16766.291,29206.013,26649.97,99752.405,3355.794
S2 + block Developed-Roads (7299),123456.019,65522.376,0.347,0.0,0.0,8867.755,6501.864,97168.562,5939.637
S3 + block all Developed/urban & quarries,115234.336,73744.059,0.39,0.0,0.0,6885.504,0.0,95810.365,7297.834
S4 S3 + 1-px road buffer,107282.869,81695.526,0.432,0.0,0.0,0.0,0.0,88572.134,14536.064
S6 allowlist: ruderal grassland/shrubland only,94586.942,94391.453,0.499,0.0,0.0,6186.723,0.0,94586.942,8521.256
H1 drop Hansen-only proposals,133276.981,55701.414,0.295,17249.344,6512.762,16397.774,11051.501,88926.64,14181.558
H2 pasture/developed need >=2 methods,135416.914,53561.482,0.283,10686.987,3390.043,12663.901,6057.286,98800.31,4307.888
H3 pasture/developed need all 3 methods,116879.651,72098.744,0.382,966.995,0.445,7125.474,457.477,96007.411,7100.787
H4 any-two rule everywhere,101996.198,86982.197,0.46,10205.269,3226.579,9945.283,5705.227,75352.456,27755.742
V2 adopted: block roads + developed low/med/high,162069.107,26909.288,0.142,35086.046,0.0,11645.531,6236.986,100649.789,2458.41
