dimension,key,cycle,calendar_year,min_attainable_cuft,max_attainable_cuft,target_cuft,target_reachable,max_as_pct_of_target
county,Baker,1,2027,0.0,236285178.22237572,57256000.0,True,412.6819516249401
county,Baker,2,2032,0.0,102610898.603048,57256000.0,True,179.2142283831354
county,Baker,3,2037,0.0,157191655.44779167,57256000.0,True,274.54180426119825
county,Baker,4,2042,0.0,188995026.35540345,57256000.0,True,330.0877224315416
county,Baker,5,2047,0.0,15732606.415002799,57256000.0,False,27.47765546842741
county,Baker,6,2052,0.0,166134861.2425961,57256000.0,True,290.1614874294329
county,Baker,7,2057,0.0,33254878.903116025,57256000.0,False,58.081037625953655
county,Baker,8,2062,0.0,19935073.936024524,57256000.0,False,34.81744085514972
county,Baker,9,2067,0.0,129221026.96755144,57256000.0,True,225.68993112957847
county,Baker,10,2072,0.0,0.0,57256000.0,False,0.0
county,Columbia,1,2027,0.0,162120218.00844616,98627500.0,True,164.37628248556047
county,Columbia,2,2032,0.0,126781518.93890016,98627500.0,True,128.54581018367105
county,Columbia,3,2037,0.0,106052687.28832753,98627500.0,True,107.52851617279919
county,Columbia,4,2042,0.0,122124999.12291405,98627500.0,True,123.82449025161749
county,Columbia,5,2047,0.0,25929227.827306047,98627500.0,False,26.290058885509666
county,Columbia,6,2052,0.0,187479854.16665888,98627500.0,True,190.0888232659845
county,Columbia,7,2057,0.0,51226968.57228859,98627500.0,False,51.939842916315015
county,Columbia,8,2062,0.0,80695789.16456297,98627500.0,False,81.81875152930265
county,Columbia,9,2067,0.0,71813860.58131257,98627500.0,False,72.81322205400377
county,Columbia,10,2072,0.0,0.0,98627500.0,False,0.0
county,Hamilton,1,2027,0.0,132334393.30653436,81057500.0,True,163.25989983226026
county,Hamilton,2,2032,0.0,96277175.53318988,81057500.0,True,118.77639395884387
county,Hamilton,3,2037,0.0,107686965.6831303,81057500.0,True,132.85256229606182
county,Hamilton,4,2042,0.0,58431781.95607236,81057500.0,False,72.08682966545028
county,Hamilton,5,2047,0.0,30476164.27835189,81057500.0,False,37.598204087656164
county,Hamilton,6,2052,0.0,69710124.79453224,81057500.0,False,86.00083248870523
county,Hamilton,7,2057,0.0,61076512.58819618,81057500.0,False,75.34961303790048
county,Hamilton,8,2062,0.0,3982844.3572686147,81057500.0,False,4.913603747054394
county,Hamilton,9,2067,0.0,67974632.3974487,81057500.0,False,83.85976917305456
county,Hamilton,10,2072,0.0,0.0,81057500.0,False,0.0
county,Suwanee,1,2027,0.0,90876471.94562924,112373500.0,False,80.8700200186247
county,Suwanee,2,2032,0.0,60370531.084177315,112373500.0,False,53.7231029416876
county,Suwanee,3,2037,0.0,88993458.59740968,112373500.0,False,79.19434617361716
county,Suwanee,4,2042,0.0,41321133.77613761,112373500.0,False,36.77124391083095
county,Suwanee,5,2047,0.0,9262613.18669732,112373500.0,False,8.242702404657075
county,Suwanee,6,2052,0.0,135535181.69515258,112373500.0,True,120.61133781109656
county,Suwanee,7,2057,0.0,13880814.94957705,112373500.0,False,12.352391755687107
county,Suwanee,8,2062,0.0,1710496.9265141767,112373500.0,False,1.5221532892667549
county,Suwanee,9,2067,0.0,76658640.07147253,112373500.0,False,68.21772043361872
county,Suwanee,10,2072,0.0,0.0,112373500.0,False,0.0
county,Union,1,2027,0.0,63744831.10847904,38214500.0,True,166.80796846348647
county,Union,2,2032,0.0,33193608.85754665,38214500.0,False,86.86129311530087
county,Union,3,2037,0.0,57845582.86620385,38214500.0,True,151.37076990724424
county,Union,4,2042,0.0,80431111.64202806,38214500.0,True,210.47275678611015
county,Union,5,2047,0.0,4394282.898574109,38214500.0,False,11.498993572005675
county,Union,6,2052,0.0,73086854.69064061,38214500.0,True,191.25424823206012
county,Union,7,2057,0.0,924083.9228527915,38214500.0,False,2.4181499767177157
county,Union,8,2062,0.0,3983509.734792963,38214500.0,False,10.424079170976889
county,Union,9,2067,0.0,53857730.606247164,38214500.0,True,140.93532718273735
county,Union,10,2072,0.0,0.0,38214500.0,False,0.0
owner_group,Federal (NF),1,2027,0.0,34309633.81800248,10117500.0,True,339.1117748258214
owner_group,Federal (NF),2,2032,0.0,68551001.51480672,10117500.0,True,677.5488165535628
owner_group,Federal (NF),3,2037,0.0,0.0,10117500.0,False,0.0
owner_group,Federal (NF),4,2042,0.0,75886353.68206945,10117500.0,True,750.0504441024902
owner_group,Federal (NF),5,2047,0.0,0.0,10117500.0,False,0.0
owner_group,Federal (NF),6,2052,0.0,80491973.63274966,10117500.0,True,795.5717680528753
owner_group,Federal (NF),7,2057,0.0,16049240.386687258,10117500.0,True,158.62851877130967
owner_group,Federal (NF),8,2062,0.0,82669713.60042244,10117500.0,True,817.0962550078818
owner_group,Federal (NF),9,2067,0.0,0.0,10117500.0,False,0.0
owner_group,Federal (NF),10,2072,0.0,0.0,10117500.0,False,0.0
owner_group,Other public,1,2027,0.0,13815425.915964535,22434500.0,False,61.58116256642463
owner_group,Other public,2,2032,0.0,22104540.329340972,22434500.0,False,98.52923100287937
owner_group,Other public,3,2037,0.0,3656495.3730813516,22434500.0,False,16.298537400349247
owner_group,Other public,4,2042,0.0,22275710.184014115,22434500.0,False,99.29220702050019
owner_group,Other public,5,2047,0.0,188537.50265108416,22434500.0,False,0.8403909275940366
owner_group,Other public,6,2052,0.0,25436677.227563612,22434500.0,True,113.38196629104108
owner_group,Other public,7,2057,0.0,4907968.8742181575,22434500.0,False,21.8768810279621
owner_group,Other public,8,2062,0.0,24448346.621893138,22434500.0,True,108.97656119767831
owner_group,Other public,9,2067,0.0,0.0,22434500.0,False,0.0
owner_group,Other public,10,2072,0.0,0.0,22434500.0,False,0.0
owner_group,Private,1,2027,0.0,637236032.8574972,354974000.0,True,179.51625551660044
owner_group,Private,2,2032,0.0,328578191.17271405,354974000.0,False,92.56401628646438
owner_group,Private,3,2037,0.0,514113854.509783,354974000.0,True,144.83141145824285
owner_group,Private,4,2042,0.0,393141988.9864712,354974000.0,True,110.75233368823383
owner_group,Private,5,2047,0.0,85606357.1032811,354974000.0,False,24.116233048978543
owner_group,Private,6,2052,0.0,526018225.72926813,354974000.0,True,148.18500107874607
owner_group,Private,7,2057,0.0,139406049.67512524,354974000.0,False,39.27218604042134
owner_group,Private,8,2062,0.0,3189653.896847482,354974000.0,False,0.8985598654683108
owner_group,Private,9,2067,0.0,399525890.6240328,354974000.0,True,112.55074755447802
owner_group,Private,10,2072,0.0,0.0,354974000.0,False,0.0
