prescription,unit_class,stands,acres,removed_cuft
family_light_thin,managed,252,30479.43567191083,5501348.753312581
family_uneven_aged_selection,managed,980,334709.79906835844,550848686.306823
hardwood_clearcut_regen,managed,721,67872.45983812444,162259672.55769414
no_management,managed,711,114073.20937920111,0.0
no_management,riparian,6602,11154.65815642375,0.0
pine_plantation_long_rotation,managed,896,225585.31974272395,915299394.9146239
pine_plantation_short_rotation,managed,202,34932.44761971617,120731077.81611319
public_selection_light,managed,984,41429.935362166405,103812167.73042071
public_thin_restore,managed,483,64860.56647503561,25506109.227248464
