pid,px,stratum,depth,nwos_non_forest,method,x,y,use
1380,1271,1,11.40175425099138,0.96852871754524,bookends,1242440.959874115,903350.7946498857,bookend_chip
4022,212,2,4.47213595499958,0.10849056603773585,bookends,1287838.5849056605,869751.0849056641,bookend_chip
854,316,3,6.708203932499369,0.9588607594936709,bookends,1274237.8481012657,911200.3481012696,bookend_chip
4359,783,4,11.0,0.9987228607918263,bookends,1277797.0114942528,864487.1264367853,bookend_chip
3372,877,5,7.280109889280518,0.9144811858608894,obata_disturbance,1235197.9703534779,877288.8711516571,obata_chip
3529,405,5,7.0,0.9530864197530864,obata_disturbance,1266081.3333333333,875631.4074074111,obata_chip
4626,377,5,7.0710678118654755,0.9946949602122016,obata_disturbance,1277766.1273209548,860140.1061007995,obata_chip
1006,2946,5,7.0710678118654755,0.6914460285132383,obata_disturbance,1253108.6150712832,907718.0855397186,obata_chip
3603,406,5,6.708203932499369,0.9876847290640394,hansen_loss,1257039.60591133,874856.7487684767,hansen_chip
608,410,5,6.0,0.9365853658536586,hansen_loss,1218867.512195122,914413.5365853696,hansen_chip
4860,325,5,6.4031242374328485,0.9969230769230769,hansen_loss,1289898.1846153846,854871.8769230807,hansen_chip
2167,478,5,6.4031242374328485,0.9874476987447699,hansen_loss,1249890.0627615063,893565.0000000037,hansen_chip
3610,1466,1,13.0,0.9447476125511596,bookends,1244382.974079127,874386.1596180119,hole_example
1576,655,1,11.0,0.9877862595419847,bookends,1223014.4885496183,901016.8396946602,hole_example
