evt_value,rejected_pixels,rejected_acres,EVT_NAME
7997,204205,45415.192,Eastern Warm Temperate Pasture and Hayland
7299,113487,25239.5088,Developed-Roads
7994,82948,18447.6352,Eastern Warm Temperate Row Crop
7996,25657,5706.1168,Eastern Warm Temperate Fallow/Idle Cropland
7995,18200,4047.68,Eastern Warm Temperate Close Grown Crop
7993,10038,2232.4512,Eastern Warm Temperate Row Crop - Close Grown Crop
7296,6053,1346.1872,Developed-Low Intensity
7297,3051,678.5424,Developed-Medium Intensity
7990,1532,340.7168,Eastern Warm Temperate Orchard
7298,1323,294.2352,Developed-High Intensity
7998,359,79.8416,Eastern Warm Temperate Wheat
7992,73,16.2352,Eastern Warm Temperate Bush fruit and berries
